time_ms,lead_ii_mv
0.0,-0.0973
4.0,0.0426
8.0,0.3285
12.0,0.7085
16.0,1.056
20.0,1.201
24.0,1.0608
28.0,0.73
32.0,0.3921
36.0,0.1652
40.0,0.0559
44.0,0.0168
48.0,0.0064
52.0,0.0045
56.0,0.0044
60.0,0.0047
64.0,0.005
68.0,0.0053
72.0,0.0056
76.0,0.006
80.0,0.0063
84.0,0.0066
88.0,0.0069
92.0,0.0072
96.0,0.0075
100.0,0.0078
104.0,0.0081
108.0,0.0084
112.0,0.0088
116.0,0.0091
120.0,0.0094
124.0,0.0097
128.0,0.01
132.0,0.0103
136.0,0.0107
140.0,0.011
144.0,0.0113
148.0,0.0117
152.0,0.0121
156.0,0.0125
160.0,0.013
164.0,0.0135
168.0,0.0141
172.0,0.0148
176.0,0.0157
180.0,0.0167
184.0,0.018
188.0,0.0195
192.0,0.0214
196.0,0.0237
200.0,0.0264
204.0,0.0298
208.0,0.0338
212.0,0.0386
216.0,0.0442
220.0,0.0508
224.0,0.0584
228.0,0.067
232.0,0.0768
236.0,0.0876
240.0,0.0996
244.0,0.1125
248.0,0.1264
252.0,0.141
256.0,0.1561
260.0,0.1715
264.0,0.1869
268.0,0.202
272.0,0.2164
276.0,0.2298
280.0,0.2419
284.0,0.2524
288.0,0.2609
292.0,0.2672
296.0,0.2712
300.0,0.2727
304.0,0.2717
308.0,0.2683
312.0,0.2625
316.0,0.2546
320.0,0.2447
324.0,0.2332
328.0,0.2203
332.0,0.2064
336.0,0.1919
340.0,0.1771
344.0,0.1622
348.0,0.1477
352.0,0.1336
356.0,0.1204
360.0,0.108
364.0,0.0966
368.0,0.0863
372.0,0.0771
376.0,0.069
380.0,0.0619
384.0,0.0559
388.0,0.0509
392.0,0.0466
396.0,0.0432
400.0,0.0404
404.0,0.0382
408.0,0.0364
412.0,0.0351
416.0,0.0341
420.0,0.0334
424.0,0.0329
428.0,0.0326
432.0,0.0325
436.0,0.0324
440.0,0.0324
444.0,0.0325
448.0,0.0326
452.0,0.0328
456.0,0.033
460.0,0.0331
464.0,0.0334
468.0,0.0336
472.0,0.0338
476.0,0.034
480.0,0.0342
484.0,0.0345
488.0,0.0347
492.0,0.0349
496.0,0.0351
500.0,0.0354
504.0,0.0356
508.0,0.0358
512.0,0.036
516.0,0.0362
520.0,0.0364
524.0,0.0367
528.0,0.0369
532.0,0.0371
536.0,0.0373
540.0,0.0375
544.0,0.0377
548.0,0.0379
552.0,0.0381
556.0,0.0383
560.0,0.0385
564.0,0.0387
568.0,0.0389
572.0,0.0391
576.0,0.0393
580.0,0.0395
584.0,0.0397
588.0,0.0399
592.0,0.0401
596.0,0.0403
600.0,0.0405
604.0,0.0406
608.0,0.0408
612.0,0.041
616.0,0.0412
620.0,0.0414
624.0,0.0415
628.0,0.0417
632.0,0.0419
636.0,0.042
640.0,0.0422
644.0,0.0424
648.0,0.0425
652.0,0.0427
656.0,0.0429
660.0,0.043
664.0,0.0432
668.0,0.0434
672.0,0.0435
676.0,0.0437
680.0,0.0438
684.0,0.044
688.0,0.0441
692.0,0.0443
696.0,0.0444
700.0,0.0446
704.0,0.0447
708.0,0.0448
712.0,0.045
716.0,0.0451
720.0,0.0452
724.0,0.0454
728.0,0.0455
732.0,0.0456
736.0,0.0458
740.0,0.0459
744.0,0.046
748.0,0.0461
752.0,0.0463
756.0,0.0464
760.0,0.0465
764.0,0.0466
768.0,0.0467
772.0,0.0468
776.0,0.0469
780.0,0.047
784.0,0.0471
788.0,0.0473
792.0,0.0474
796.0,0.0475
800.0,0.0476
804.0,0.0476
808.0,0.0477
812.0,0.0478
816.0,0.0479
820.0,0.048
824.0,0.0481
828.0,0.0482
832.0,0.0483
836.0,0.0272
840.0,0.2667
844.0,0.6252
848.0,1.0019
852.0,1.2309
856.0,1.1838
860.0,0.8968
864.0,0.5422
868.0,0.2725
872.0,0.1279
876.0,0.0707
880.0,0.0538
884.0,0.0499
888.0,0.0493
892.0,0.0493
896.0,0.0493
900.0,0.0494
904.0,0.0494
908.0,0.0495
912.0,0.0495
916.0,0.0496
920.0,0.0496
924.0,0.0496
928.0,0.0497
932.0,0.0497
936.0,0.0497
940.0,0.0498
944.0,0.0498
948.0,0.0498
952.0,0.0499
956.0,0.0499
960.0,0.0499
964.0,0.05
968.0,0.05
972.0,0.05
976.0,0.0501
980.0,0.0501
984.0,0.0502
988.0,0.0503
992.0,0.0505
996.0,0.0507
1000.0,0.051
1004.0,0.0513
1008.0,0.0518
1012.0,0.0525
1016.0,0.0534
1020.0,0.0545
1024.0,0.0559
1028.0,0.0578
1032.0,0.06
1036.0,0.0629
1040.0,0.0663
1044.0,0.0705
1048.0,0.0755
1052.0,0.0815
1056.0,0.0884
1060.0,0.0963
1064.0,0.1054
1068.0,0.1156
1072.0,0.1268
1076.0,0.1391
1080.0,0.1524
1084.0,0.1664
1088.0,0.1811
1092.0,0.1961
1096.0,0.2112
1100.0,0.226
1104.0,0.2404
1108.0,0.2539
1112.0,0.2661
1116.0,0.2768
1120.0,0.2856
1124.0,0.2923
1128.0,0.2968
1132.0,0.2988
1136.0,0.2983
1140.0,0.2953
1144.0,0.29
1148.0,0.2824
1152.0,0.2728
1156.0,0.2614
1160.0,0.2486
1164.0,0.2347
1168.0,0.22
1172.0,0.2049
1176.0,0.1896
1180.0,0.1746
1184.0,0.16
1188.0,0.1461
1192.0,0.133
1196.0,0.1209
1200.0,0.1099
1204.0,0.1
1208.0,0.0911
1212.0,0.0834
1216.0,0.0767
1220.0,0.071
1224.0,0.0661
1228.0,0.062
1232.0,0.0586
1236.0,0.0559
1240.0,0.0536
1244.0,0.0518
1248.0,0.0504
1252.0,0.0492
1256.0,0.0483
1260.0,0.0475
1264.0,0.047
1268.0,0.0465
1272.0,0.0461
1276.0,0.0458
1280.0,0.0455
1284.0,0.0453
1288.0,0.0451
1292.0,0.0449
1296.0,0.0448
1300.0,0.0446
1304.0,0.0444
1308.0,0.0443
1312.0,0.0441
1316.0,0.044
1320.0,0.0438
1324.0,0.0437
1328.0,0.0435
1332.0,0.0434
1336.0,0.0432
1340.0,0.043
1344.0,0.0429
1348.0,0.0427
1352.0,0.0425
1356.0,0.0424
1360.0,0.0422
1364.0,0.042
1368.0,0.0419
1372.0,0.0417
1376.0,0.0415
1380.0,0.0414
1384.0,0.0412
1388.0,0.041
1392.0,0.0408
1396.0,0.0406
1400.0,0.0405
1404.0,0.0403
1408.0,0.0401
1412.0,0.0399
1416.0,0.0397
1420.0,0.0395
1424.0,0.0393
1428.0,0.0391
1432.0,0.0389
1436.0,0.0387
1440.0,0.0385
1444.0,0.0383
1448.0,0.0381
1452.0,0.0379
1456.0,0.0377
1460.0,0.0375
1464.0,0.0373
1468.0,0.0371
1472.0,0.0369
1476.0,0.0367
1480.0,0.0364
1484.0,0.0362
1488.0,0.036
1492.0,0.0358
1496.0,0.0356
1500.0,0.0354
1504.0,0.0351
1508.0,0.0349
1512.0,0.0347
1516.0,0.0345
1520.0,0.0342
1524.0,0.034
1528.0,0.0338
1532.0,0.0335
1536.0,0.0333
1540.0,0.0331
1544.0,0.0328
1548.0,0.0326
1552.0,0.0324
1556.0,0.0321
1560.0,0.0319
1564.0,0.0316
1568.0,0.0314
1572.0,0.0311
1576.0,0.0309
1580.0,0.0306
1584.0,0.0304
1588.0,0.0301
1592.0,0.0299
1596.0,0.0296
1600.0,0.0294
1604.0,0.0291
1608.0,0.0289
1612.0,0.0286
1616.0,0.0284
1620.0,0.0281
1624.0,0.0278
1628.0,0.0276
1632.0,0.0273
1636.0,0.0271
1640.0,0.0268
1644.0,0.0265
1648.0,0.0263
1652.0,0.026
1656.0,0.0257
1660.0,0.0255
1664.0,0.0252
1668.0,-0.0426
1672.0,0.1471
1676.0,0.473
1680.0,0.8594
1684.0,1.1567
1688.0,1.2067
1692.0,0.9841
1696.0,0.6306
1700.0,0.3219
1704.0,0.1372
1708.0,0.0564
1712.0,0.0298
1716.0,0.023
1720.0,0.0215
1724.0,0.021
1728.0,0.0207
1732.0,0.0204
1736.0,0.0201
1740.0,0.0199
1744.0,0.0196
1748.0,0.0193
1752.0,0.019
1756.0,0.0187
1760.0,0.0184
1764.0,0.0181
1768.0,0.0178
1772.0,0.0175
1776.0,0.0172
1780.0,0.0169
1784.0,0.0166
1788.0,0.0164
1792.0,0.0161
1796.0,0.0158
1800.0,0.0155
1804.0,0.0152
1808.0,0.0149
1812.0,0.0147
1816.0,0.0145
1820.0,0.0143
1824.0,0.0141
1828.0,0.014
1832.0,0.0139
1836.0,0.0139
1840.0,0.0141
1844.0,0.0144
1848.0,0.0149
1852.0,0.0156
1856.0,0.0167
1860.0,0.018
1864.0,0.0199
1868.0,0.0222
1872.0,0.0252
1876.0,0.0288
1880.0,0.0333
1884.0,0.0386
1888.0,0.0449
1892.0,0.0522
1896.0,0.0606
1900.0,0.0702
1904.0,0.0808
1908.0,0.0925
1912.0,0.1051
1916.0,0.1187
1920.0,0.1329
1924.0,0.1475
1928.0,0.1623
1932.0,0.1771
1936.0,0.1914
1940.0,0.2049
1944.0,0.2173
1948.0,0.2283
1952.0,0.2375
1956.0,0.2447
1960.0,0.2497
1964.0,0.2523
1968.0,0.2524
1972.0,0.25
1976.0,0.2452
1980.0,0.2381
1984.0,0.2289
1988.0,0.2178
1992.0,0.2052
1996.0,0.1914
2000.0,0.1767
2004.0,0.1614
2008.0,0.146
2012.0,0.1306
2016.0,0.1156
2020.0,0.1012
2024.0,0.0876
2028.0,0.075
2032.0,0.0634
2036.0,0.0528
2040.0,0.0434
2044.0,0.0351
2048.0,0.0279
2052.0,0.0216
2056.0,0.0163
2060.0,0.0117
2064.0,0.0079
2068.0,0.0048
2072.0,0.0022
2076.0,0.0
2080.0,-0.0018
2084.0,-0.0032
2088.0,-0.0044
2092.0,-0.0054
2096.0,-0.0062
2100.0,-0.0069
2104.0,-0.0074
2108.0,-0.008
2112.0,-0.0084
2116.0,-0.0088
2120.0,-0.0092
2124.0,-0.0096
2128.0,-0.0099
2132.0,-0.0102
2136.0,-0.0106
2140.0,-0.0109
2144.0,-0.0112
2148.0,-0.0115
2152.0,-0.0118
2156.0,-0.0121
2160.0,-0.0124
2164.0,-0.0127
2168.0,-0.013
2172.0,-0.0133
2176.0,-0.0136
2180.0,-0.0139
2184.0,-0.0143
2188.0,-0.0146
2192.0,-0.0149
2196.0,-0.0152
2200.0,-0.0155
2204.0,-0.0157
2208.0,-0.016
2212.0,-0.0163
2216.0,-0.0166
2220.0,-0.0169
2224.0,-0.0172
2228.0,-0.0175
2232.0,-0.0178
2236.0,-0.0181
2240.0,-0.0184
2244.0,-0.0187
2248.0,-0.019
2252.0,-0.0193
2256.0,-0.0196
2260.0,-0.0199
2264.0,-0.0201
2268.0,-0.0204
2272.0,-0.0207
2276.0,-0.021
2280.0,-0.0213
2284.0,-0.0216
2288.0,-0.0219
2292.0,-0.0221
2296.0,-0.0224
2300.0,-0.0227
2304.0,-0.023
2308.0,-0.0233
2312.0,-0.0235
2316.0,-0.0238
2320.0,-0.0241
2324.0,-0.0244
2328.0,-0.0246
2332.0,-0.0249
2336.0,-0.0252
2340.0,-0.0255
2344.0,-0.0257
2348.0,-0.026
2352.0,-0.0263
2356.0,-0.0265
2360.0,-0.0268
2364.0,-0.0271
2368.0,-0.0273
2372.0,-0.0276
2376.0,-0.0278
2380.0,-0.0281
2384.0,-0.0284
2388.0,-0.0286
2392.0,-0.0289
2396.0,-0.0291
2400.0,-0.0294
2404.0,-0.0296
2408.0,-0.0299
2412.0,-0.0301
2416.0,-0.0304
2420.0,-0.0306
2424.0,-0.0309
2428.0,-0.0311
2432.0,-0.0314
2436.0,-0.0316
2440.0,-0.0319
2444.0,-0.0321
2448.0,-0.0324
2452.0,-0.0326
2456.0,-0.0328
2460.0,-0.0331
2464.0,-0.0333
2468.0,-0.0335
2472.0,-0.0338
2476.0,-0.034
2480.0,-0.0342
2484.0,-0.0345
2488.0,-0.0347
2492.0,-0.0349
2496.0,-0.0351
2500.0,-0.0354
2504.0,0.0067
2508.0,0.2921
2512.0,0.6715
2516.0,1.0185
2520.0,1.163
2524.0,1.0223
2528.0,0.691
2532.0,0.3525
2536.0,0.1251
2540.0,0.0152
2544.0,-0.0244
2548.0,-0.0353
2552.0,-0.0377
2556.0,-0.0383
2560.0,-0.0385
2564.0,-0.0387
2568.0,-0.0389
2572.0,-0.0391
2576.0,-0.0393
2580.0,-0.0395
2584.0,-0.0397
2588.0,-0.0399
2592.0,-0.0401
2596.0,-0.0403
2600.0,-0.0404
2604.0,-0.0406
2608.0,-0.0408
2612.0,-0.041
2616.0,-0.0412
2620.0,-0.0413
2624.0,-0.0415
2628.0,-0.0417
2632.0,-0.0418
2636.0,-0.042
2640.0,-0.0421
2644.0,-0.0423
2648.0,-0.0424
2652.0,-0.0424
2656.0,-0.0425
2660.0,-0.0425
2664.0,-0.0424
2668.0,-0.0423
2672.0,-0.042
2676.0,-0.0416
2680.0,-0.041
2684.0,-0.0402
2688.0,-0.0392
2692.0,-0.0377
2696.0,-0.0359
2700.0,-0.0336
2704.0,-0.0307
2708.0,-0.0271
2712.0,-0.0227
2716.0,-0.0175
2720.0,-0.0114
2724.0,-0.0043
2728.0,0.004
2732.0,0.0133
2736.0,0.0237
2740.0,0.0353
2744.0,0.0478
2748.0,0.0613
2752.0,0.0754
2756.0,0.0901
2760.0,0.1051
2764.0,0.1201
2768.0,0.1348
2772.0,0.1488
2776.0,0.1619
2780.0,0.1736
2784.0,0.1836
2788.0,0.1917
2792.0,0.1977
2796.0,0.2013
2800.0,0.2024
2804.0,0.2011
2808.0,0.1973
2812.0,0.1912
2816.0,0.1829
2820.0,0.1726
2824.0,0.1607
2828.0,0.1475
2832.0,0.1333
2836.0,0.1184
2840.0,0.1032
2844.0,0.088
2848.0,0.0731
2852.0,0.0587
2856.0,0.0451
2860.0,0.0324
2864.0,0.0206
2868.0,0.01
2872.0,0.0005
2876.0,-0.0079
2880.0,-0.0153
2884.0,-0.0216
2888.0,-0.027
2892.0,-0.0315
2896.0,-0.0353
2900.0,-0.0384
2904.0,-0.0409
2908.0,-0.0429
2912.0,-0.0446
2916.0,-0.0458
2920.0,-0.0468
2924.0,-0.0476
2928.0,-0.0482
2932.0,-0.0486
2936.0,-0.049
2940.0,-0.0492
2944.0,-0.0494
2948.0,-0.0496
2952.0,-0.0497
2956.0,-0.0498
2960.0,-0.0498
2964.0,-0.0499
2968.0,-0.0499
2972.0,-0.0499
2976.0,-0.0499
2980.0,-0.05
2984.0,-0.05
2988.0,-0.05
2992.0,-0.05
2996.0,-0.05
3000.0,-0.05
3004.0,-0.05
3008.0,-0.05
3012.0,-0.05
3016.0,-0.05
3020.0,-0.05
3024.0,-0.05
3028.0,-0.05
3032.0,-0.0499
3036.0,-0.0499
3040.0,-0.0499
3044.0,-0.0499
3048.0,-0.0499
3052.0,-0.0498
3056.0,-0.0498
3060.0,-0.0498
3064.0,-0.0497
3068.0,-0.0497
3072.0,-0.0497
3076.0,-0.0496
3080.0,-0.0496
3084.0,-0.0496
3088.0,-0.0495
3092.0,-0.0495
3096.0,-0.0494
3100.0,-0.0494
3104.0,-0.0493
3108.0,-0.0493
3112.0,-0.0492
3116.0,-0.0492
3120.0,-0.0491
3124.0,-0.0491
3128.0,-0.049
3132.0,-0.0489
3136.0,-0.0489
3140.0,-0.0488
3144.0,-0.0487
3148.0,-0.0487
3152.0,-0.0486
3156.0,-0.0485
3160.0,-0.0484
3164.0,-0.0484
3168.0,-0.0483
3172.0,-0.0482
3176.0,-0.0481
3180.0,-0.048
3184.0,-0.0479
3188.0,-0.0478
3192.0,-0.0477
3196.0,-0.0476
3200.0,-0.0476
3204.0,-0.0475
3208.0,-0.0474
3212.0,-0.0473
3216.0,-0.0471
3220.0,-0.047
3224.0,-0.0469
3228.0,-0.0468
3232.0,-0.0467
3236.0,-0.0466
3240.0,-0.0465
3244.0,-0.0464
3248.0,-0.0463
3252.0,-0.0461
3256.0,-0.046
3260.0,-0.0459
3264.0,-0.0458
3268.0,-0.0456
3272.0,-0.0455
3276.0,-0.0454
3280.0,-0.0452
3284.0,-0.0451
3288.0,-0.045
3292.0,-0.0448
3296.0,-0.0447
3300.0,-0.0446
3304.0,-0.0444
3308.0,-0.0443
3312.0,-0.0441
3316.0,-0.044
3320.0,-0.0438
3324.0,-0.0437
3328.0,-0.0435
3332.0,-0.0434
3336.0,-0.0643
3340.0,0.1753
3344.0,0.5338
3348.0,0.9106
3352.0,1.1397
3356.0,1.0926
3360.0,0.8058
3364.0,0.4513
3368.0,0.1816
3372.0,0.0372
3376.0,-0.0199
3380.0,-0.0367
3384.0,-0.0404
3388.0,-0.0409
3392.0,-0.0408
3396.0,-0.0406
3400.0,-0.0405
3404.0,-0.0403
3408.0,-0.0401
3412.0,-0.0399
3416.0,-0.0397
3420.0,-0.0395
3424.0,-0.0393
3428.0,-0.0391
3432.0,-0.0389
3436.0,-0.0387
3440.0,-0.0385
3444.0,-0.0383
3448.0,-0.0381
3452.0,-0.0379
3456.0,-0.0377
3460.0,-0.0375
3464.0,-0.0373
3468.0,-0.037
3472.0,-0.0368
3476.0,-0.0366
3480.0,-0.0363
3484.0,-0.036
3488.0,-0.0357
3492.0,-0.0353
3496.0,-0.0349
3500.0,-0.0344
3504.0,-0.0338
3508.0,-0.0331
3512.0,-0.0322
3516.0,-0.0311
3520.0,-0.0297
3524.0,-0.028
3528.0,-0.026
3532.0,-0.0234
3536.0,-0.0204
3540.0,-0.0166
3544.0,-0.0122
3548.0,-0.0069
3552.0,-0.0007
3556.0,0.0065
3560.0,0.0147
3564.0,0.024
3568.0,0.0345
3572.0,0.046
3576.0,0.0586
3580.0,0.0721
3584.0,0.0865
3588.0,0.1014
3592.0,0.1167
3596.0,0.1321
3600.0,0.1473
3604.0,0.1619
3608.0,0.1757
3612.0,0.1882
3616.0,0.1992
3620.0,0.2084
3624.0,0.2154
3628.0,0.2202
3632.0,0.2225
3636.0,0.2224
3640.0,0.2198
3644.0,0.2147
3648.0,0.2075
3652.0,0.1982
3656.0,0.1872
3660.0,0.1747
3664.0,0.1612
3668.0,0.1468
3672.0,0.132
3676.0,0.1172
3680.0,0.1025
3684.0,0.0883
3688.0,0.0747
3692.0,0.062
3696.0,0.0503
3700.0,0.0396
3704.0,0.0301
3708.0,0.0216
3712.0,0.0143
3716.0,0.008
3720.0,0.0026
3724.0,-0.0018
3728.0,-0.0055
3732.0,-0.0085
3736.0,-0.0109
3740.0,-0.0127
3744.0,-0.0141
3748.0,-0.0152
3752.0,-0.0159
3756.0,-0.0164
3760.0,-0.0167
3764.0,-0.0169
3768.0,-0.017
3772.0,-0.0169
3776.0,-0.0168
3780.0,-0.0166
3784.0,-0.0164
3788.0,-0.0162
3792.0,-0.016
3796.0,-0.0157
3800.0,-0.0154
3804.0,-0.0151
3808.0,-0.0148
3812.0,-0.0145
3816.0,-0.0142
3820.0,-0.0139
3824.0,-0.0136
3828.0,-0.0133
3832.0,-0.013
3836.0,-0.0127
3840.0,-0.0124
3844.0,-0.0121
3848.0,-0.0118
3852.0,-0.0115
3856.0,-0.0112
3860.0,-0.0109
3864.0,-0.0106
3868.0,-0.0103
3872.0,-0.01
3876.0,-0.0097
3880.0,-0.0094
3884.0,-0.0091
3888.0,-0.0088
3892.0,-0.0084
3896.0,-0.0081
3900.0,-0.0078
3904.0,-0.0075
3908.0,-0.0072
3912.0,-0.0069
3916.0,-0.0066
3920.0,-0.0063
3924.0,-0.006
3928.0,-0.0056
3932.0,-0.0053
3936.0,-0.005
3940.0,-0.0047
3944.0,-0.0044
3948.0,-0.0041
3952.0,-0.0038
3956.0,-0.0035
3960.0,-0.0031
3964.0,-0.0028
3968.0,-0.0025
3972.0,-0.0022
3976.0,-0.0019
3980.0,-0.0016
3984.0,-0.0013
3988.0,-0.0009
3992.0,-0.0006
3996.0,-0.0003
4000.0,-0.0
4004.0,0.0003
4008.0,0.0006
4012.0,0.0009
4016.0,0.0013
4020.0,0.0016
4024.0,0.0019
4028.0,0.0022
4032.0,0.0025
4036.0,0.0028
4040.0,0.0031
4044.0,0.0035
4048.0,0.0038
4052.0,0.0041
4056.0,0.0044
4060.0,0.0047
4064.0,0.005
4068.0,0.0053
4072.0,0.0056
4076.0,0.006
4080.0,0.0063
4084.0,0.0066
4088.0,0.0069
4092.0,0.0072
4096.0,0.0075
4100.0,0.0078
4104.0,0.0081
4108.0,0.0084
4112.0,0.0088
4116.0,0.0091
4120.0,0.0094
4124.0,0.0097
4128.0,0.01
4132.0,0.0103
4136.0,0.0106
4140.0,0.0109
4144.0,0.0112
4148.0,0.0115
4152.0,0.0118
4156.0,0.0121
4160.0,0.0124
4164.0,0.0127
4168.0,-0.0544
4172.0,0.1358
4176.0,0.4622
4180.0,0.8492
4184.0,1.1471
4188.0,1.1977
4192.0,0.9757
4196.0,0.6228
4200.0,0.3147
4204.0,0.1305
4208.0,0.0503
4212.0,0.0243
4216.0,0.0181
4220.0,0.0171
4224.0,0.0173
4228.0,0.0175
4232.0,0.0178
4236.0,0.0181
4240.0,0.0184
4244.0,0.0187
4248.0,0.019
4252.0,0.0193
4256.0,0.0196
4260.0,0.0199
4264.0,0.0201
4268.0,0.0204
4272.0,0.0207
4276.0,0.021
4280.0,0.0213
4284.0,0.0216
4288.0,0.0219
4292.0,0.0222
4296.0,0.0224
4300.0,0.0227
4304.0,0.023
4308.0,0.0234
4312.0,0.0237
4316.0,0.024
4320.0,0.0244
4324.0,0.0248
4328.0,0.0253
4332.0,0.0258
4336.0,0.0264
4340.0,0.0271
4344.0,0.028
4348.0,0.0291
4352.0,0.0304
4356.0,0.032
4360.0,0.0339
4364.0,0.0363
4368.0,0.0393
4372.0,0.0428
4376.0,0.047
4380.0,0.052
4384.0,0.0579
4388.0,0.0648
4392.0,0.0727
4396.0,0.0816
4400.0,0.0917
4404.0,0.1029
4408.0,0.1152
4412.0,0.1284
4416.0,0.1425
4420.0,0.1572
4424.0,0.1724
4428.0,0.1878
4432.0,0.2031
4436.0,0.218
4440.0,0.2321
4444.0,0.245
4448.0,0.2566
4452.0,0.2663
4456.0,0.2741
4460.0,0.2796
4464.0,0.2827
4468.0,0.2834
4472.0,0.2816
4476.0,0.2773
4480.0,0.2707
4484.0,0.2621
4488.0,0.2515
4492.0,0.2395
4496.0,0.2262
4500.0,0.212
4504.0,0.1973
4508.0,0.1824
4512.0,0.1675
4516.0,0.1531
4520.0,0.1392
4524.0,0.1262
4528.0,0.114
4532.0,0.1029
4536.0,0.093
4540.0,0.0841
4544.0,0.0763
4548.0,0.0696
4552.0,0.0638
4556.0,0.059
4560.0,0.055
4564.0,0.0517
4568.0,0.049
4572.0,0.0469
4576.0,0.0453
4580.0,0.044
4584.0,0.0431
4588.0,0.0424
4592.0,0.0419
4596.0,0.0416
4600.0,0.0414
4604.0,0.0413
4608.0,0.0413
4612.0,0.0413
4616.0,0.0414
4620.0,0.0415
4624.0,0.0416
4628.0,0.0418
4632.0,0.0419
4636.0,0.0421
4640.0,0.0422
4644.0,0.0424
4648.0,0.0426
4652.0,0.0427
4656.0,0.0429
4660.0,0.043
4664.0,0.0432
4668.0,0.0434
4672.0,0.0435
4676.0,0.0437
4680.0,0.0438
4684.0,0.044
4688.0,0.0441
4692.0,0.0443
4696.0,0.0444
4700.0,0.0446
4704.0,0.0447
4708.0,0.0448
4712.0,0.045
4716.0,0.0451
4720.0,0.0452
4724.0,0.0454
4728.0,0.0455
4732.0,0.0456
4736.0,0.0458
4740.0,0.0459
4744.0,0.046
4748.0,0.0461
4752.0,0.0463
4756.0,0.0464
4760.0,0.0465
4764.0,0.0466
4768.0,0.0467
4772.0,0.0468
4776.0,0.0469
4780.0,0.047
4784.0,0.0471
4788.0,0.0473
4792.0,0.0474
4796.0,0.0475
4800.0,0.0476
4804.0,0.0476
4808.0,0.0477
4812.0,0.0478
4816.0,0.0479
4820.0,0.048
4824.0,0.0481
4828.0,0.0482
4832.0,0.0483
4836.0,0.0484
4840.0,0.0484
4844.0,0.0485
4848.0,0.0486
4852.0,0.0487
4856.0,0.0487
4860.0,0.0488
4864.0,0.0489
4868.0,0.0489
4872.0,0.049
4876.0,0.0491
4880.0,0.0491
4884.0,0.0492
4888.0,0.0492
4892.0,0.0493
4896.0,0.0493
4900.0,0.0494
4904.0,0.0494
4908.0,0.0495
4912.0,0.0495
4916.0,0.0496
4920.0,0.0496
4924.0,0.0496
4928.0,0.0497
4932.0,0.0497
4936.0,0.0497
4940.0,0.0498
4944.0,0.0498
4948.0,0.0498
4952.0,0.0499
4956.0,0.0499
4960.0,0.0499
4964.0,0.0499
4968.0,0.0499
4972.0,0.05
4976.0,0.05
4980.0,0.05
4984.0,0.05
4988.0,0.05
4992.0,0.05
4996.0,0.05
5000.0,0.05
5004.0,0.0923
5008.0,0.3779
5012.0,0.7575
5016.0,1.1047
5020.0,1.2494
5024.0,1.1089
5028.0,0.7778
5032.0,0.4395
5036.0,0.2123
5040.0,0.1026
5044.0,0.0632
5048.0,0.0525
5052.0,0.0502
5056.0,0.0499
5060.0,0.0498
5064.0,0.0497
5068.0,0.0497
5072.0,0.0497
5076.0,0.0496
5080.0,0.0496
5084.0,0.0496
5088.0,0.0495
5092.0,0.0495
5096.0,0.0494
5100.0,0.0494
5104.0,0.0493
5108.0,0.0493
5112.0,0.0492
5116.0,0.0492
5120.0,0.0491
5124.0,0.0491
5128.0,0.049
5132.0,0.049
5136.0,0.0489
5140.0,0.0489
5144.0,0.0489
5148.0,0.0488
5152.0,0.0488
5156.0,0.0489
5160.0,0.049
5164.0,0.0491
5168.0,0.0493
5172.0,0.0497
5176.0,0.0501
5180.0,0.0508
5184.0,0.0517
5188.0,0.0528
5192.0,0.0543
5196.0,0.0562
5200.0,0.0585
5204.0,0.0615
5208.0,0.0651
5212.0,0.0695
5216.0,0.0747
5220.0,0.0809
5224.0,0.0881
5228.0,0.0963
5232.0,0.1057
5236.0,0.1161
5240.0,0.1277
5244.0,0.1402
5248.0,0.1536
5252.0,0.1678
5256.0,0.1825
5260.0,0.1975
5264.0,0.2125
5268.0,0.2272
5272.0,0.2412
5276.0,0.2542
5280.0,0.2659
5284.0,0.2759
5288.0,0.284
5292.0,0.2899
5296.0,0.2934
5300.0,0.2946
5304.0,0.2932
5308.0,0.2893
5312.0,0.2831
5316.0,0.2747
5320.0,0.2644
5324.0,0.2525
5328.0,0.2392
5332.0,0.2249
5336.0,0.2099
5340.0,0.1947
5344.0,0.1794
5348.0,0.1644
5352.0,0.1499
5356.0,0.1362
5360.0,0.1234
5364.0,0.1116
5368.0,0.1008
5372.0,0.0912
5376.0,0.0826
5380.0,0.0752
5384.0,0.0687
5388.0,0.0632
5392.0,0.0586
5396.0,0.0547
5400.0,0.0514
5404.0,0.0488
5408.0,0.0466
5412.0,0.0448
5416.0,0.0434
5420.0,0.0423
5424.0,0.0414
5428.0,0.0406
5432.0,0.04
5436.0,0.0395
5440.0,0.0391
5444.0,0.0387
5448.0,0.0384
5452.0,0.0381
5456.0,0.0378
5460.0,0.0376
5464.0,0.0374
5468.0,0.0371
5472.0,0.0369
5476.0,0.0367
5480.0,0.0365
5484.0,0.0362
5488.0,0.036
5492.0,0.0358
5496.0,0.0356
5500.0,0.0354
5504.0,0.0351
5508.0,0.0349
5512.0,0.0347
5516.0,0.0345
5520.0,0.0342
5524.0,0.034
5528.0,0.0338
5532.0,0.0335
5536.0,0.0333
5540.0,0.0331
5544.0,0.0328
5548.0,0.0326
5552.0,0.0324
5556.0,0.0321
5560.0,0.0319
5564.0,0.0316
5568.0,0.0314
5572.0,0.0311
5576.0,0.0309
5580.0,0.0306
5584.0,0.0304
5588.0,0.0301
5592.0,0.0299
5596.0,0.0296
5600.0,0.0294
5604.0,0.0291
5608.0,0.0289
5612.0,0.0286
5616.0,0.0284
5620.0,0.0281
5624.0,0.0278
5628.0,0.0276
5632.0,0.0273
5636.0,0.0271
5640.0,0.0268
5644.0,0.0265
5648.0,0.0263
5652.0,0.026
5656.0,0.0257
5660.0,0.0255
5664.0,0.0252
5668.0,0.0249
5672.0,0.0246
5676.0,0.0244
5680.0,0.0241
5684.0,0.0238
5688.0,0.0235
5692.0,0.0233
5696.0,0.023
5700.0,0.0227
5704.0,0.0224
5708.0,0.0221
5712.0,0.0219
5716.0,0.0216
5720.0,0.0213
5724.0,0.021
5728.0,0.0207
5732.0,0.0204
5736.0,0.0201
5740.0,0.0199
5744.0,0.0196
5748.0,0.0193
5752.0,0.019
5756.0,0.0187
5760.0,0.0184
5764.0,0.0181
5768.0,0.0178
5772.0,0.0175
5776.0,0.0172
5780.0,0.0169
5784.0,0.0166
5788.0,0.0163
5792.0,0.016
5796.0,0.0157
5800.0,0.0155
5804.0,0.0152
5808.0,0.0149
5812.0,0.0146
5816.0,0.0143
5820.0,0.0139
5824.0,0.0136
5828.0,0.0133
5832.0,0.013
5836.0,-0.0084
5840.0,0.2307
5844.0,0.5888
5848.0,0.9651
5852.0,1.1938
5856.0,1.1462
5860.0,0.8589
5864.0,0.5039
5868.0,0.2338
5872.0,0.0889
5876.0,0.0314
5880.0,0.014
5884.0,0.0098
5888.0,0.0089
5892.0,0.0085
5896.0,0.0081
5900.0,0.0078
5904.0,0.0075
5908.0,0.0072
5912.0,0.0069
5916.0,0.0066
5920.0,0.0063
5924.0,0.006
5928.0,0.0056
5932.0,0.0053
5936.0,0.005
5940.0,0.0047
5944.0,0.0044
5948.0,0.0041
5952.0,0.0038
5956.0,0.0035
5960.0,0.0032
5964.0,0.0029
5968.0,0.0026
5972.0,0.0023
5976.0,0.002
5980.0,0.0017
5984.0,0.0015
5988.0,0.0013
5992.0,0.0011
5996.0,0.001
6000.0,0.001
6004.0,0.001
6008.0,0.0012
6012.0,0.0016
6016.0,0.0021
6020.0,0.0029
6024.0,0.0041
6028.0,0.0056
6032.0,0.0076
6036.0,0.0101
6040.0,0.0133
6044.0,0.0172
6048.0,0.0219
6052.0,0.0276
6056.0,0.0342
6060.0,0.0419
6064.0,0.0506
6068.0,0.0605
6072.0,0.0715
6076.0,0.0835
6080.0,0.0965
6084.0,0.1103
6088.0,0.1246
6092.0,0.1394
6096.0,0.1542
6100.0,0.1688
6104.0,0.1829
6108.0,0.1961
6112.0,0.2081
6116.0,0.2185
6120.0,0.2271
6124.0,0.2336
6128.0,0.2378
6132.0,0.2396
6136.0,0.2388
6140.0,0.2356
6144.0,0.2301
6148.0,0.2222
6152.0,0.2124
6156.0,0.2008
6160.0,0.1877
6164.0,0.1736
6168.0,0.1587
6172.0,0.1433
6176.0,0.1279
6180.0,0.1126
6184.0,0.0978
6188.0,0.0837
6192.0,0.0704
6196.0,0.0581
6200.0,0.0469
6204.0,0.0368
6208.0,0.0277
6212.0,0.0198
6216.0,0.0129
6220.0,0.007
6224.0,0.0019
6228.0,-0.0023
6232.0,-0.0059
6236.0,-0.0088
6240.0,-0.0113
6244.0,-0.0133
6248.0,-0.0149
6252.0,-0.0162
6256.0,-0.0173
6260.0,-0.0182
6264.0,-0.0189
6268.0,-0.0196
6272.0,-0.0201
6276.0,-0.0206
6280.0,-0.021
6284.0,-0.0214
6288.0,-0.0217
6292.0,-0.022
6296.0,-0.0224
6300.0,-0.0227
6304.0,-0.023
6308.0,-0.0232
6312.0,-0.0235
6316.0,-0.0238
6320.0,-0.0241
6324.0,-0.0244
6328.0,-0.0246
6332.0,-0.0249
6336.0,-0.0252
6340.0,-0.0255
6344.0,-0.0257
6348.0,-0.026
6352.0,-0.0263
6356.0,-0.0265
6360.0,-0.0268
6364.0,-0.0271
6368.0,-0.0273
6372.0,-0.0276
6376.0,-0.0278
6380.0,-0.0281
6384.0,-0.0284
6388.0,-0.0286
6392.0,-0.0289
6396.0,-0.0291
6400.0,-0.0294
6404.0,-0.0296
6408.0,-0.0299
6412.0,-0.0301
6416.0,-0.0304
6420.0,-0.0306
6424.0,-0.0309
6428.0,-0.0311
6432.0,-0.0314
6436.0,-0.0316
6440.0,-0.0319
6444.0,-0.0321
6448.0,-0.0324
6452.0,-0.0326
6456.0,-0.0328
6460.0,-0.0331
6464.0,-0.0333
6468.0,-0.0335
6472.0,-0.0338
6476.0,-0.034
6480.0,-0.0342
6484.0,-0.0345
6488.0,-0.0347
6492.0,-0.0349
6496.0,-0.0351
6500.0,-0.0354
6504.0,-0.0356
6508.0,-0.0358
6512.0,-0.036
6516.0,-0.0362
6520.0,-0.0364
6524.0,-0.0367
6528.0,-0.0369
6532.0,-0.0371
6536.0,-0.0373
6540.0,-0.0375
6544.0,-0.0377
6548.0,-0.0379
6552.0,-0.0381
6556.0,-0.0383
6560.0,-0.0385
6564.0,-0.0387
6568.0,-0.0389
6572.0,-0.0391
6576.0,-0.0393
6580.0,-0.0395
6584.0,-0.0397
6588.0,-0.0399
6592.0,-0.0401
6596.0,-0.0403
6600.0,-0.0405
6604.0,-0.0406
6608.0,-0.0408
6612.0,-0.041
6616.0,-0.0412
6620.0,-0.0414
6624.0,-0.0415
6628.0,-0.0417
6632.0,-0.0419
6636.0,-0.042
6640.0,-0.0422
6644.0,-0.0424
6648.0,-0.0425
6652.0,-0.0427
6656.0,-0.0429
6660.0,-0.043
6664.0,-0.0432
6668.0,-0.1108
6672.0,0.079
6676.0,0.4049
6680.0,0.7915
6684.0,1.0889
6688.0,1.1391
6692.0,0.9166
6696.0,0.5632
6700.0,0.2547
6704.0,0.0701
6708.0,-0.0106
6712.0,-0.037
6716.0,-0.0437
6720.0,-0.045
6724.0,-0.0454
6728.0,-0.0455
6732.0,-0.0456
6736.0,-0.0458
6740.0,-0.0459
6744.0,-0.046
6748.0,-0.0461
6752.0,-0.0463
6756.0,-0.0464
6760.0,-0.0465
6764.0,-0.0466
6768.0,-0.0467
6772.0,-0.0468
6776.0,-0.0469
6780.0,-0.047
6784.0,-0.0471
6788.0,-0.0472
6792.0,-0.0473
6796.0,-0.0474
6800.0,-0.0475
6804.0,-0.0476
6808.0,-0.0476
6812.0,-0.0477
6816.0,-0.0477
6820.0,-0.0477
6824.0,-0.0477
6828.0,-0.0476
6832.0,-0.0474
6836.0,-0.0471
6840.0,-0.0468
6844.0,-0.0462
6848.0,-0.0455
6852.0,-0.0445
6856.0,-0.0433
6860.0,-0.0417
6864.0,-0.0396
6868.0,-0.037
6872.0,-0.0338
6876.0,-0.0299
6880.0,-0.0252
6884.0,-0.0196
6888.0,-0.0131
6892.0,-0.0055
6896.0,0.0032
6900.0,0.013
6904.0,0.0238
6908.0,0.0358
6912.0,0.0487
6916.0,0.0625
6920.0,0.077
6924.0,0.0919
6928.0,0.107
6932.0,0.122
6936.0,0.1366
6940.0,0.1504
6944.0,0.1631
6948.0,0.1744
6952.0,0.1839
6956.0,0.1914
6960.0,0.1967
6964.0,0.1995
6968.0,0.1999
6972.0,0.1978
6976.0,0.1933
6980.0,0.1865
6984.0,0.1776
6988.0,0.1669
6992.0,0.1546
6996.0,0.1411
7000.0,0.1267
7004.0,0.1117
7008.0,0.0966
7012.0,0.0815
7016.0,0.0669
7020.0,0.0528
7024.0,0.0395
7028.0,0.0272
7032.0,0.0159
7036.0,0.0057
7040.0,-0.0033
7044.0,-0.0113
7048.0,-0.0182
7052.0,-0.0241
7056.0,-0.0292
7060.0,-0.0333
7064.0,-0.0368
7068.0,-0.0396
7072.0,-0.0419
7076.0,-0.0437
7080.0,-0.0451
7084.0,-0.0462
7088.0,-0.047
7092.0,-0.0476
7096.0,-0.0481
7100.0,-0.0484
7104.0,-0.0486
7108.0,-0.0488
7112.0,-0.0489
7116.0,-0.0489
7120.0,-0.049
7124.0,-0.0489
7128.0,-0.0489
7132.0,-0.0489
7136.0,-0.0488
7140.0,-0.0488
7144.0,-0.0487
7148.0,-0.0486
7152.0,-0.0486
7156.0,-0.0485
7160.0,-0.0484
7164.0,-0.0483
7168.0,-0.0483
7172.0,-0.0482
7176.0,-0.0481
7180.0,-0.048
7184.0,-0.0479
7188.0,-0.0478
7192.0,-0.0477
7196.0,-0.0476
7200.0,-0.0476
7204.0,-0.0475
7208.0,-0.0474
7212.0,-0.0473
7216.0,-0.0471
7220.0,-0.047
7224.0,-0.0469
7228.0,-0.0468
7232.0,-0.0467
7236.0,-0.0466
7240.0,-0.0465
7244.0,-0.0464
7248.0,-0.0463
7252.0,-0.0461
7256.0,-0.046
7260.0,-0.0459
7264.0,-0.0458
7268.0,-0.0456
7272.0,-0.0455
7276.0,-0.0454
7280.0,-0.0452
7284.0,-0.0451
7288.0,-0.045
7292.0,-0.0448
7296.0,-0.0447
7300.0,-0.0446
7304.0,-0.0444
7308.0,-0.0443
7312.0,-0.0441
7316.0,-0.044
7320.0,-0.0438
7324.0,-0.0437
7328.0,-0.0435
7332.0,-0.0434
7336.0,-0.0432
7340.0,-0.043
7344.0,-0.0429
7348.0,-0.0427
7352.0,-0.0425
7356.0,-0.0424
7360.0,-0.0422
7364.0,-0.042
7368.0,-0.0419
7372.0,-0.0417
7376.0,-0.0415
7380.0,-0.0414
7384.0,-0.0412
7388.0,-0.041
7392.0,-0.0408
7396.0,-0.0406
7400.0,-0.0405
7404.0,-0.0403
7408.0,-0.0401
7412.0,-0.0399
7416.0,-0.0397
7420.0,-0.0395
7424.0,-0.0393
7428.0,-0.0391
7432.0,-0.0389
7436.0,-0.0387
7440.0,-0.0385
7444.0,-0.0383
7448.0,-0.0381
7452.0,-0.0379
7456.0,-0.0377
7460.0,-0.0375
7464.0,-0.0373
7468.0,-0.0371
7472.0,-0.0369
7476.0,-0.0367
7480.0,-0.0364
7484.0,-0.0362
7488.0,-0.036
7492.0,-0.0358
7496.0,-0.0356
7500.0,-0.0354
7504.0,0.0072
7508.0,0.293
7512.0,0.6729
7516.0,1.0203
7520.0,1.1652
7524.0,1.0249
7528.0,0.6941
7532.0,0.356
7536.0,0.1291
7540.0,0.0197
7544.0,-0.0195
7548.0,-0.03
7552.0,-0.032
7556.0,-0.0321
7560.0,-0.0319
7564.0,-0.0316
7568.0,-0.0314
7572.0,-0.0311
7576.0,-0.0309
7580.0,-0.0306
7584.0,-0.0304
7588.0,-0.0301
7592.0,-0.0299
7596.0,-0.0296
7600.0,-0.0294
7604.0,-0.0291
7608.0,-0.0289
7612.0,-0.0286
7616.0,-0.0284
7620.0,-0.0281
7624.0,-0.0278
7628.0,-0.0276
7632.0,-0.0273
7636.0,-0.027
7640.0,-0.0267
7644.0,-0.0264
7648.0,-0.0261
7652.0,-0.0257
7656.0,-0.0253
7660.0,-0.0249
7664.0,-0.0244
7668.0,-0.0238
7672.0,-0.0231
7676.0,-0.0223
7680.0,-0.0213
7684.0,-0.0201
7688.0,-0.0186
7692.0,-0.0167
7696.0,-0.0145
7700.0,-0.0117
7704.0,-0.0084
7708.0,-0.0044
7712.0,0.0004
7716.0,0.006
7720.0,0.0125
7724.0,0.0201
7728.0,0.0288
7732.0,0.0385
7736.0,0.0494
7740.0,0.0613
7744.0,0.0743
7748.0,0.0881
7752.0,0.1027
7756.0,0.1178
7760.0,0.1332
7764.0,0.1486
7768.0,0.1637
7772.0,0.1781
7776.0,0.1916
7780.0,0.2037
7784.0,0.2141
7788.0,0.2227
7792.0,0.229
7796.0,0.233
7800.0,0.2345
7804.0,0.2336
7808.0,0.2302
7812.0,0.2244
7816.0,0.2165
7820.0,0.2067
7824.0,0.1952
7828.0,0.1823
7832.0,0.1685
7836.0,0.154
7840.0,0.1392
7844.0,0.1244
7848.0,0.1099
7852.0,0.0959
7856.0,0.0826
7860.0,0.0703
7864.0,0.0589
7868.0,0.0486
7872.0,0.0395
7876.0,0.0314
7880.0,0.0245
7884.0,0.0185
7888.0,0.0135
7892.0,0.0093
7896.0,0.0059
7900.0,0.0032
7904.0,0.001
7908.0,-0.0007
7912.0,-0.0019
7916.0,-0.0028
7920.0,-0.0035
7924.0,-0.0039
7928.0,-0.0041
7932.0,-0.0043
7936.0,-0.0042
7940.0,-0.0042
7944.0,-0.004
7948.0,-0.0038
7952.0,-0.0036
7956.0,-0.0033
7960.0,-0.0031
7964.0,-0.0028
7968.0,-0.0025
7972.0,-0.0022
7976.0,-0.0019
7980.0,-0.0016
7984.0,-0.0013
7988.0,-0.0009
7992.0,-0.0006
7996.0,-0.0003
8000.0,0.0
8004.0,0.0003
8008.0,0.0006
8012.0,0.0009
8016.0,0.0013
8020.0,0.0016
8024.0,0.0019
8028.0,0.0022
8032.0,0.0025
8036.0,0.0028
8040.0,0.0031
8044.0,0.0035
8048.0,0.0038
8052.0,0.0041
8056.0,0.0044
8060.0,0.0047
8064.0,0.005
8068.0,0.0053
8072.0,0.0056
8076.0,0.006
8080.0,0.0063
8084.0,0.0066
8088.0,0.0069
8092.0,0.0072
8096.0,0.0075
8100.0,0.0078
8104.0,0.0081
8108.0,0.0084
8112.0,0.0088
8116.0,0.0091
8120.0,0.0094
8124.0,0.0097
8128.0,0.01
8132.0,0.0103
8136.0,0.0106
8140.0,0.0109
8144.0,0.0112
8148.0,0.0115
8152.0,0.0118
8156.0,0.0121
8160.0,0.0124
8164.0,0.0127
8168.0,0.013
8172.0,0.0133
8176.0,0.0136
8180.0,0.0139
8184.0,0.0143
8188.0,0.0146
8192.0,0.0149
8196.0,0.0152
8200.0,0.0155
8204.0,0.0157
8208.0,0.016
8212.0,0.0163
8216.0,0.0166
8220.0,0.0169
8224.0,0.0172
8228.0,0.0175
8232.0,0.0178
8236.0,0.0181
8240.0,0.0184
8244.0,0.0187
8248.0,0.019
8252.0,0.0193
8256.0,0.0196
8260.0,0.0199
8264.0,0.0201
8268.0,0.0204
8272.0,0.0207
8276.0,0.021
8280.0,0.0213
8284.0,0.0216
8288.0,0.0219
8292.0,0.0221
8296.0,0.0224
8300.0,0.0227
8304.0,0.023
8308.0,0.0233
8312.0,0.0235
8316.0,0.0238
8320.0,0.0241
8324.0,0.0244
8328.0,0.0246
8332.0,0.0249
8336.0,0.004
8340.0,0.2438
8344.0,0.6024
8348.0,0.9793
8352.0,1.2085
8356.0,1.1616
8360.0,0.8748
8364.0,0.5204
8368.0,0.2508
8372.0,0.1065
8376.0,0.0495
8380.0,0.0327
8384.0,0.0291
8388.0,0.0287
8392.0,0.0289
8396.0,0.0291
8400.0,0.0294
8404.0,0.0296
8408.0,0.0299
8412.0,0.0301
8416.0,0.0304
8420.0,0.0306
8424.0,0.0309
8428.0,0.0311
8432.0,0.0314
8436.0,0.0316
8440.0,0.0319
8444.0,0.0321
8448.0,0.0324
8452.0,0.0326
8456.0,0.0328
8460.0,0.0331
8464.0,0.0333
8468.0,0.0336
8472.0,0.0338
8476.0,0.0341
8480.0,0.0344
8484.0,0.0347
8488.0,0.035
8492.0,0.0354
8496.0,0.0358
8500.0,0.0363
8504.0,0.0369
8508.0,0.0376
8512.0,0.0385
8516.0,0.0396
8520.0,0.041
8524.0,0.0426
8528.0,0.0447
8532.0,0.0472
8536.0,0.0502
8540.0,0.0539
8544.0,0.0584
8548.0,0.0636
8552.0,0.0698
8556.0,0.0769
8560.0,0.0851
8564.0,0.0944
8568.0,0.1048
8572.0,0.1163
8576.0,0.1288
8580.0,0.1423
8584.0,0.1566
8588.0,0.1714
8592.0,0.1867
8596.0,0.202
8600.0,0.2171
8604.0,0.2317
8608.0,0.2454
8612.0,0.2579
8616.0,0.2688
8620.0,0.2778
8624.0,0.2848
8628.0,0.2895
8632.0,0.2917
8636.0,0.2915
8640.0,0.2888
8644.0,0.2837
8648.0,0.2763
8652.0,0.2669
8656.0,0.2558
8660.0,0.2432
8664.0,0.2295
8668.0,0.2151
8672.0,0.2002
8676.0,0.1852
8680.0,0.1704
8684.0,0.156
8688.0,0.1424
8692.0,0.1295
8696.0,0.1177
8700.0,0.1069
8704.0,0.0972
8708.0,0.0886
8712.0,0.0811
8716.0,0.0747
8720.0,0.0691
8724.0,0.0645
8728.0,0.0607
8732.0,0.0576
8736.0,0.055
8740.0,0.053
8744.0,0.0515
8748.0,0.0502
8752.0,0.0493
8756.0,0.0486
8760.0,0.0482
8764.0,0.0478
8768.0,0.0476
8772.0,0.0474
8776.0,0.0474
8780.0,0.0473
8784.0,0.0474
8788.0,0.0474
8792.0,0.0475
8796.0,0.0475
8800.0,0.0476
8804.0,0.0477
8808.0,0.0478
8812.0,0.0478
8816.0,0.0479
8820.0,0.048
8824.0,0.0481
8828.0,0.0482
8832.0,0.0483
8836.0,0.0484
8840.0,0.0484
8844.0,0.0485
8848.0,0.0486
8852.0,0.0487
8856.0,0.0487
8860.0,0.0488
8864.0,0.0489
8868.0,0.0489
8872.0,0.049
8876.0,0.0491
8880.0,0.0491
8884.0,0.0492
8888.0,0.0492
8892.0,0.0493
8896.0,0.0493
8900.0,0.0494
8904.0,0.0494
8908.0,0.0495
8912.0,0.0495
8916.0,0.0496
8920.0,0.0496
8924.0,0.0496
8928.0,0.0497
8932.0,0.0497
8936.0,0.0497
8940.0,0.0498
8944.0,0.0498
8948.0,0.0498
8952.0,0.0499
8956.0,0.0499
8960.0,0.0499
8964.0,0.0499
8968.0,0.0499
8972.0,0.05
8976.0,0.05
8980.0,0.05
8984.0,0.05
8988.0,0.05
8992.0,0.05
8996.0,0.05
9000.0,0.05
9004.0,0.05
9008.0,0.05
9012.0,0.05
9016.0,0.05
9020.0,0.05
9024.0,0.05
9028.0,0.05
9032.0,0.0499
9036.0,0.0499
9040.0,0.0499
9044.0,0.0499
9048.0,0.0499
9052.0,0.0498
9056.0,0.0498
9060.0,0.0498
9064.0,0.0497
9068.0,0.0497
9072.0,0.0497
9076.0,0.0496
9080.0,0.0496
9084.0,0.0496
9088.0,0.0495
9092.0,0.0495
9096.0,0.0494
9100.0,0.0494
9104.0,0.0493
9108.0,0.0493
9112.0,0.0492
9116.0,0.0492
9120.0,0.0491
9124.0,0.0491
9128.0,0.049
9132.0,0.0489
9136.0,0.0489
9140.0,0.0488
9144.0,0.0487
9148.0,0.0487
9152.0,0.0486
9156.0,0.0485
9160.0,0.0484
9164.0,0.0484
9168.0,-0.0192
9172.0,0.1707
9176.0,0.4967
9180.0,0.8833
9184.0,1.1808
9188.0,1.231
9192.0,1.0086
9196.0,0.6553
9200.0,0.3468
9204.0,0.1622
9208.0,0.0816
9212.0,0.0552
9216.0,0.0486
9220.0,0.0472
9224.0,0.047
9228.0,0.0468
9232.0,0.0467
9236.0,0.0466
9240.0,0.0465
9244.0,0.0464
9248.0,0.0463
9252.0,0.0461
9256.0,0.046
9260.0,0.0459
9264.0,0.0458
9268.0,0.0456
9272.0,0.0455
9276.0,0.0454
9280.0,0.0452
9284.0,0.0451
9288.0,0.045
9292.0,0.0449
9296.0,0.0447
9300.0,0.0446
9304.0,0.0445
9308.0,0.0444
9312.0,0.0443
9316.0,0.0442
9320.0,0.0441
9324.0,0.0441
9328.0,0.0441
9332.0,0.0442
9336.0,0.0444
9340.0,0.0447
9344.0,0.0451
9348.0,0.0458
9352.0,0.0467
9356.0,0.0478
9360.0,0.0494
9364.0,0.0513
9368.0,0.0538
9372.0,0.0569
9376.0,0.0607
9380.0,0.0653
9384.0,0.0707
9388.0,0.0771
9392.0,0.0846
9396.0,0.0931
9400.0,0.1028
9404.0,0.1135
9408.0,0.1254
9412.0,0.1381
9416.0,0.1518
9420.0,0.1661
9424.0,0.1809
9428.0,0.1958
9432.0,0.2107
9436.0,0.2251
9440.0,0.2387
9444.0,0.2512
9448.0,0.2623
9452.0,0.2717
9456.0,0.279
9460.0,0.2841
9464.0,0.2867
9468.0,0.2869
9472.0,0.2847
9476.0,0.2799
9480.0,0.2729
9484.0,0.2638
9488.0,0.2529
9492.0,0.2404
9496.0,0.2266
9500.0,0.212
9504.0,0.1969
9508.0,0.1815
9512.0,0.1662
9516.0,0.1513
9520.0,0.137
9524.0,0.1235
9528.0,0.1109
9532.0,0.0994
9536.0,0.089
9540.0,0.0796
9544.0,0.0714
9548.0,0.0642
9552.0,0.058
9556.0,0.0528
9560.0,0.0483
9564.0,0.0446
9568.0,0.0415
9572.0,0.0389
9576.0,0.0369
9580.0,0.0352
9584.0,0.0338
9588.0,0.0327
9592.0,0.0317
9596.0,0.031
9600.0,0.0304
9604.0,0.0298
9608.0,0.0294
9612.0,0.029
9616.0,0.0286
9620.0,0.0283
9624.0,0.028
9628.0,0.0277
9632.0,0.0274
9636.0,0.0271
9640.0,0.0268
9644.0,0.0265
9648.0,0.0263
9652.0,0.026
9656.0,0.0257
9660.0,0.0255
9664.0,0.0252
9668.0,0.0249
9672.0,0.0246
9676.0,0.0244
9680.0,0.0241
9684.0,0.0238
9688.0,0.0235
9692.0,0.0233
9696.0,0.023
9700.0,0.0227
9704.0,0.0224
9708.0,0.0221
9712.0,0.0219
9716.0,0.0216
9720.0,0.0213
9724.0,0.021
9728.0,0.0207
9732.0,0.0204
9736.0,0.0201
9740.0,0.0199
9744.0,0.0196
9748.0,0.0193
9752.0,0.019
9756.0,0.0187
9760.0,0.0184
9764.0,0.0181
9768.0,0.0178
9772.0,0.0175
9776.0,0.0172
9780.0,0.0169
9784.0,0.0166
9788.0,0.0163
9792.0,0.016
9796.0,0.0157
9800.0,0.0155
9804.0,0.0152
9808.0,0.0149
9812.0,0.0146
9816.0,0.0143
9820.0,0.0139
9824.0,0.0136
9828.0,0.0133
9832.0,0.013
9836.0,0.0127
9840.0,0.0124
9844.0,0.0121
9848.0,0.0118
9852.0,0.0115
9856.0,0.0112
9860.0,0.0109
9864.0,0.0106
9868.0,0.0103
9872.0,0.01
9876.0,0.0097
9880.0,0.0094
9884.0,0.0091
9888.0,0.0088
9892.0,0.0084
9896.0,0.0081
9900.0,0.0078
9904.0,0.0075
9908.0,0.0072
9912.0,0.0069
9916.0,0.0066
9920.0,0.0063
9924.0,0.006
9928.0,0.0056
9932.0,0.0053
9936.0,0.005
9940.0,0.0047
9944.0,0.0044
9948.0,0.0041
9952.0,0.0038
9956.0,0.0035
9960.0,0.0031
9964.0,0.0028
9968.0,0.0025
9972.0,0.0022
9976.0,0.0019
9980.0,0.0016
9984.0,0.0013
9988.0,0.0009
9992.0,0.0006
9996.0,0.0003
